Fri Feb 21 03:41:03 UTC 2025
Sat Feb 22 03:40:06 UTC 2025
Sun Feb 23 03:41:22 UTC 2025
Mon Feb 24 03:42:02 UTC 2025
Tue Feb 25 03:41:51 UTC 2025
Wed Feb 26 03:42:34 UTC 2025
Thu Feb 27 03:42:18 UTC 2025
Fri Feb 28 03:42:01 UTC 2025
Sun Mar  2 03:42:34 UTC 2025
Mon Mar  3 03:42:57 UTC 2025
Tue Mar  4 03:42:43 UTC 2025
Wed Mar  5 03:42:14 UTC 2025
Thu Mar  6 03:42:42 UTC 2025
Fri Mar  7 03:43:33 UTC 2025
Mon Mar 10 03:38:51 UTC 2025
Tue Mar 11 03:43:09 UTC 2025
Wed Mar 12 03:42:41 UTC 2025
Thu Mar 13 03:44:34 UTC 2025
Fri Mar 14 03:44:34 UTC 2025
Sat Mar 15 03:43:06 UTC 2025
Sun Mar 16 03:54:20 UTC 2025
Tue Mar 18 03:44:13 UTC 2025
Wed Mar 19 03:44:14 UTC 2025
Tue Apr 15 03:46:07 UTC 2025
Wed Apr 16 03:46:12 UTC 2025
Thu Apr 17 03:46:13 UTC 2025
Sat Apr 19 03:44:00 UTC 2025
Sun Apr 20 03:46:59 UTC 2025
